id,t_min,t_mid,t_max,a1_low,a2_low,a3_low,a4_low,a5_low,a6_low,a7_low,a1_high,a2_high,a3_high,a4_high,a5_high,a6_high,a7_high,source
Ar,300.0,1000.0,5000.0,2.5,0.0,0.0,0.0,0.0,-745.375,4.366,2.5,0.0,0.0,0.0,0.0,-745.375,4.366,"cantera bundled thermodynamic data, listed as AR in air.yaml"
Ar+,298.15,1000.0,6000.0,2.59316097,-0.00132892944,5.26503944e-06,-5.97956691e-09,2.18967862e-12,182878.368,5.44980575,2.86999547,-0.000142547242,9.36688776e-09,2.92580859e-12,-3.58247941e-16,182702.617,3.5322998,"cantera bundled thermodynamic data, listed as Ar+ in nasa_gas.yaml"
Ar_4s,300.0,1000.0,5000.0,2.5,0.0,0.0,0.0,0.0,133867.0338,4.366,2.5,0.0,0.0,0.0,0.0,133867.0338,4.366,Ar polynomial with the 11.6 eV level energy added to the enthalpy constant
O,200.0,1000.0,3500.0,3.1682671,-0.00327931884,6.64306396e-06,-6.12806624e-09,2.11265971e-12,29122.2592,2.05193346,2.56942078,-8.59741137e-05,4.19484589e-08,-1.00177799e-11,1.22833691e-15,29217.5791,4.78433864,"cantera bundled thermodynamic data, listed as O in air.yaml"
O2,200.0,1000.0,3500.0,3.78245636,-0.00299673416,9.84730201e-06,-9.68129509e-09,3.24372837e-12,-1063.94356,3.65767573,3.28253784,0.00148308754,-7.57966669e-07,2.09470555e-10,-2.16717794e-14,-1088.45772,5.45323129,"cantera bundled thermodynamic data, listed as O2 in air.yaml"
O2_a1Delta,200.0,1000.0,3500.0,3.78245636,-0.00299673416,9.84730201e-06,-9.68129509e-09,3.24372837e-12,10273.670526,3.65767573,3.28253784,0.00148308754,-7.57966669e-07,2.09470555e-10,-2.16717794e-14,10249.156366,5.45323129,O2 polynomial with the 0.977 eV level energy added to the enthalpy constant
O2_b1Sigma,200.0,1000.0,3500.0,3.78245636,-0.00299673416,9.84730201e-06,-9.68129509e-09,3.24372837e-12,17816.607226,3.65767573,3.28253784,0.00148308754,-7.57966669e-07,2.09470555e-10,-2.16717794e-14,17792.093066,5.45323129,O2 polynomial with the 1.627 eV level energy added to the enthalpy constant
O_1D,200.0,1000.0,3500.0,3.1682671,-0.00327931884,6.64306396e-06,-6.12806624e-09,2.11265971e-12,51948.346106,2.05193346,2.56942078,-8.59741137e-05,4.19484589e-08,-1.00177799e-11,1.22833691e-15,52043.666006,4.78433864,O polynomial with the 1.967 eV level energy added to the enthalpy constant
O_1S,200.0,1000.0,3500.0,3.1682671,-0.00327931884,6.64306396e-06,-6.12806624e-09,2.11265971e-12,77742.242072428,2.05193346,2.56942078,-8.59741137e-05,4.19484589e-08,-1.00177799e-11,1.22833691e-15,77837.561972428,4.78433864,O polynomial with the 4.19 eV level energy added to the enthalpy constant
